Model,MAE,RMSE,R²,MAPE (%)
Random Forest,23949.488246636014,1086522.2330075612,0.9941967849632841,0.2898463624578134
Gradient Boosting,39180.20183314185,548921.5239656101,0.9985188059824244,3.3270872977446455
MLP,516686.9710940183,5005437.930489918,0.8768383243057482,22.578839728141332
